<Galaxy>
    <Planet>
        <ID>D145</ID>
        <TechnologyLevel>21</TechnologyLevel>
        <Neighbors>
            <PlanetID>D46</PlanetID>
            <PlanetID>D88</PlanetID>
        </Neighbors>
    </Planet>
    <Planet>
        <ID>D46</ID>
        <TechnologyLevel>34</TechnologyLevel>
        <Neighbors>
            <PlanetID>D145</PlanetID>
        </Neighbors>
    </Planet>
    <Planet>
        <ID>D88</ID>
        <TechnologyLevel>62</TechnologyLevel>
        <Neighbors>
            <PlanetID>D145</PlanetID>
        </Neighbors>
    </Planet>
    <Planet>
        <ID>D518</ID>
        <TechnologyLevel>53</TechnologyLevel>
        <Neighbors>
            <PlanetID>D615</PlanetID>
            <PlanetID>D49</PlanetID>
            <PlanetID>D819</PlanetID>
        </Neighbors>
    </Planet>
    <Planet>
        <ID>D615</ID>
        <TechnologyLevel>32</TechnologyLevel>
        <Neighbors>
            <PlanetID>D518</PlanetID>
            <PlanetID>D49</PlanetID>
            <PlanetID>D819</PlanetID>
        </Neighbors>
    </Planet>
    <Planet>
        <ID>D49</ID>
        <TechnologyLevel>23</TechnologyLevel>
        <Neighbors>
            <PlanetID>D615</PlanetID>
            <PlanetID>D518</PlanetID>
        </Neighbors>
    </Planet>
    <Planet>
        <ID>D819</ID>
        <TechnologyLevel>98</TechnologyLevel>
        <Neighbors>
            <PlanetID>D615</PlanetID>
            <PlanetID>D518</PlanetID>
        </Neighbors>
    </Planet>
    <Planet>
        <ID>D564</ID>
        <TechnologyLevel>44</TechnologyLevel>
        <Neighbors>
            <PlanetID>D131</PlanetID>
            <PlanetID>D292</PlanetID>
            <PlanetID>D532</PlanetID>
            <PlanetID>D191</PlanetID>
        </Neighbors>
    </Planet>
    <Planet>
        <ID>D131</ID>
        <TechnologyLevel>38</TechnologyLevel>
        <Neighbors>
            <PlanetID>D564</PlanetID>
        </Neighbors>
    </Planet>
    <Planet>
        <ID>D292</ID>
        <TechnologyLevel>27</TechnologyLevel>
        <Neighbors>
            <PlanetID>D564</PlanetID>
        </Neighbors>
    </Planet>
    <Planet>
        <ID>D532</ID>
        <TechnologyLevel>78</TechnologyLevel>
        <Neighbors>
            <PlanetID>D564</PlanetID>
        </Neighbors>
    </Planet>
    <Planet>
        <ID>D191</ID>
        <TechnologyLevel>50</TechnologyLevel>
        <Neighbors>
            <PlanetID>D564</PlanetID>
        </Neighbors>
    </Planet>
</Galaxy>